{
    "max":[
        [
            0.0,
            1.70181741496919,
            1.87717623632051,
            1.94690033237992,
            1.92696204999673,
            1.93631994756776,
            2.00662173457245,
            2.0336764045406,
            2.04885591904828,
            2.09324262572481,
            0.0,
            0.0,
            0.0
        ],
        [
            0.0,
            0.948053069517111,
            1.24506985597132,
            1.36054964109412,
            1.42090827270442,
            1.45375950344936,
            1.65248134893873,
            1.7525767319577,
            1.79925363889717,
            1.80149541801396,
            0.0,
            0.0,
            0.0
        ],
        [
            0.0,
            0.597369742414904,
            0.715633940086706,
            0.772806763244757,
            0.797138642264979,
            0.902799621284402,
            0.981483988597999,
            1.02595400267103,
            1.01772368212081,
            1.056510558839,
            0.0,
            0.0,
            0.0
        ],
        [
            0.0,
            0.340448582746954,
            0.384573694216709,
            0.404596764578128,
            0.426013889753982,
            0.419868281849818,
            0.478285312131559,
            0.546015304741019,
            0.578021782985659,
            0.608167870729319,
            0.720613485539869,
            0.764724367008134,
            0.74335344121153
        ]
    ],
    "mean":[
        [
            0.0,
            1.62860165240454,
            1.83684412060684,
            1.91019723083006,
            1.91966706588394,
            1.93097584547834,
            2.00204807474719,
            2.02989875123057,
            2.04653074372551,
            2.08234467907009,
            0.0,
            0.0,
            0.0
        ],
        [
            0.0,
            0.942176616391476,
            1.21901050254309,
            1.35575388610837,
            1.40794331955146,
            1.44224305380642,
            1.63146614975472,
            1.72476415725392,
            1.78191396726048,
            1.80042406980782,
            0.0,
            0.0,
            0.0
        ],
        [
            0.0,
            0.596883935892696,
            0.712764998764196,
            0.765333477422294,
            0.791142345174546,
            0.894296021403209,
            0.96786637974514,
            1.01458404064556,
            1.01318619436666,
            1.05209644856823,
            0.0,
            0.0,
            0.0
        ],
        [
            0.0,
            0.330351531460899,
            0.374233970990711,
            0.387966813372577,
            0.406383603974203,
            0.407170556194683,
            0.45760538708146,
            0.515771596259427,
            0.551332792989623,
            0.59694790412439,
            0.680462042358418,
            0.7480380844938,
            0.742040848679689
        ]
    ],
    "min":[
        [
            0.0,
            1.5553858898399,
            1.79651200489316,
            1.8734941292802,
            1.91237208177115,
            1.92563174338892,
            1.99747441492193,
            2.02612109792054,
            2.04420556840275,
            2.07144673241537,
            0.0,
            0.0,
            0.0
        ],
        [
            0.0,
            0.93630016326584,
            1.19295114911485,
            1.35095813112262,
            1.3949783663985,
            1.43072660416347,
            1.61045095057072,
            1.69695158255013,
            1.76457429562379,
            1.79935272160168,
            0.0,
            0.0,
            0.0
        ],
        [
            0.0,
            0.596398129370489,
            0.709896057441686,
            0.75786019159983,
            0.785146048084114,
            0.885792421522016,
            0.954248770892282,
            1.00321407862009,
            1.00864870661251,
            1.04768233829747,
            0.0,
            0.0,
            0.0
        ],
        [
            0.0,
            0.320254480174843,
            0.363894247764714,
            0.371336862167026,
            0.386753318194424,
            0.394472830539547,
            0.436925462031361,
            0.485527887777835,
            0.524643802993588,
            0.585727937519461,
            0.640310599176967,
            0.731351801979465,
            0.740728256147848
        ]
    ],
    "time":[
        [
            0.0,
            1.5,
            3.0,
            4.5,
            6.0,
            8.0,
            24.0,
            48.0,
            96.0,
            186.0,
            0.0,
            0.0,
            0.0
        ],
        [
            0.0,
            1.5,
            3.0,
            4.5,
            6.0,
            7.5,
            24.0,
            48.0,
            72.0,
            144.0,
            0.0,
            0.0,
            0.0
        ],
        [
            0.0,
            1.5,
            3.0,
            4.5,
            6.0,
            24.0,
            72.0,
            144.0,
            192.0,
            240.0,
            0.0,
            0.0,
            0.0
        ],
        [
            0.0,
            1.5,
            3.0,
            4.5,
            6.0,
            8.0,
            24.0,
            48.0,
            72.0,
            96.0,
            186.0,
            210.0,
            234.0
        ]
    ]
}